t_ms,mode,phase,elapsed_s,target_c,measured_c,sensor_valid,error_c,p_term,i_term,d_term,pid_raw_pct,hard_cutoff,requested_heater_pct,applied_heater_pct,target_fan_pct,real_fan_pct
27175,MANUAL,IDLE,0,194.0,23.4,1,170.57,682.29,-582.73,0.43,691.25,0,100,80,90,90
28176,MANUAL,IDLE,0,194.0,23.1,1,170.85,683.42,-585.66,2.24,111.48,0,100,80,90,90
29178,MANUAL,IDLE,0,194.0,22.5,1,171.46,685.86,-590.75,4.89,113.66,0,100,80,90,90
30180,MANUAL,IDLE,0,194.0,22.7,1,171.26,685.05,-583.42,-1.63,101.24,0,100,80,90,90
31178,MANUAL,IDLE,0,194.0,22.4,1,171.65,686.59,-589.67,3.09,114.84,0,100,80,90,90
32175,MANUAL,IDLE,0,194.0,22.7,1,171.35,685.39,-583.00,-2.39,101.90,0,100,80,90,90
33175,MANUAL,IDLE,0,194.0,22.7,1,171.31,685.22,-584.88,-0.34,110.44,0,100,80,90,90
34175,MANUAL,IDLE,0,194.0,23.8,1,170.16,680.62,-576.37,-9.19,95.06,0,95,76,90,90
35175,MANUAL,IDLE,0,194.0,24.6,1,169.40,677.60,-571.55,-6.05,103.66,0,100,80,90,90
36175,MANUAL,IDLE,0,194.0,26.2,1,167.83,671.34,-563.16,-12.53,95.65,0,96,76,90,90
37176,MANUAL,IDLE,0,194.0,27.6,1,166.39,665.57,-554.84,-11.55,99.18,0,99,79,90,90
38176,MANUAL,IDLE,0,194.0,30.0,1,164.00,656.01,-546.64,-19.12,90.24,0,90,72,90,90
39177,MANUAL,IDLE,0,194.0,31.9,1,162.09,648.38,-538.54,-15.25,94.58,0,95,76,90,90
40176,MANUAL,IDLE,0,194.0,34.7,1,159.32,637.28,-530.57,-22.21,84.50,0,84,67,90,90
41176,MANUAL,IDLE,0,194.0,37.3,1,156.71,626.84,-522.74,-20.87,83.24,0,83,66,90,90
42243,MANUAL,IDLE,0,194.0,40.9,1,153.07,612.29,-515.08,-29.11,68.09,0,68,54,90,90
43175,MANUAL,IDLE,0,194.0,43.7,1,150.29,601.16,-507.57,-22.25,71.34,0,71,56,90,90
44174,MANUAL,IDLE,0,194.0,47.7,1,146.34,585.34,-500.25,-31.64,53.45,0,53,42,90,90
45174,MANUAL,IDLE,0,194.0,51.0,1,143.03,572.13,-493.10,-26.42,52.61,0,53,42,90,90
46175,MANUAL,IDLE,0,194.0,54.8,1,139.19,556.76,-486.14,-30.74,39.88,0,40,32,90,90
47174,MANUAL,IDLE,0,194.0,58.0,1,135.95,543.80,-479.34,-25.92,38.54,0,39,31,90,90
48175,MANUAL,IDLE,0,194.0,61.9,1,132.10,528.39,-472.74,-30.83,24.82,0,25,20,90,90
49175,MANUAL,IDLE,0,194.0,65.1,1,128.93,515.72,-466.29,-25.34,24.09,0,24,19,90,90
50175,MANUAL,IDLE,0,194.0,68.6,1,125.41,501.65,-460.02,-28.13,13.50,0,14,11,90,90
51175,MANUAL,IDLE,0,194.0,71.7,1,122.30,489.18,-453.91,-24.95,10.33,0,10,8,90,90
52176,MANUAL,IDLE,0,194.0,74.7,1,119.32,477.29,-447.94,-23.78,5.57,0,6,4,90,90
53176,MANUAL,IDLE,0,194.0,77.3,1,116.73,466.91,-442.10,-20.75,4.06,0,4,3,90,90
54176,MANUAL,IDLE,0,194.0,79.6,1,114.39,457.58,-436.38,-18.67,2.52,0,3,2,90,90
55176,MANUAL,IDLE,0,194.0,81.6,1,112.44,449.76,-430.76,-15.63,3.37,0,3,2,90,90
56176,MANUAL,IDLE,0,194.0,83.4,1,110.64,442.55,-425.23,-14.42,2.91,0,3,2,90,90
57176,MANUAL,IDLE,0,194.0,84.7,1,109.31,437.25,-419.77,-10.61,6.87,0,7,5,90,90
58256,MANUAL,IDLE,0,194.0,85.8,1,108.24,432.95,-414.35,-8.59,10.01,0,10,8,90,90
59174,MANUAL,IDLE,0,194.0,86.5,1,107.46,429.85,-408.98,-6.21,14.66,0,15,12,90,90
60174,MANUAL,IDLE,0,194.0,86.9,1,107.10,428.41,-403.62,-2.87,21.92,0,22,17,90,90
61174,MANUAL,IDLE,0,194.0,87.4,1,106.64,426.55,-398.29,-3.74,24.51,0,25,20,90,90
62175,MANUAL,IDLE,0,194.0,87.5,1,106.55,426.18,-392.97,-0.73,32.49,0,32,25,90,90
63175,MANUAL,IDLE,0,194.0,86.8,1,107.21,428.85,-387.61,5.34,46.59,0,47,37,90,90
64175,MANUAL,IDLE,0,194.0,86.7,1,107.28,429.10,-382.24,0.50,47.37,0,47,37,90,90
65175,MANUAL,IDLE,0,194.0,86.2,1,107.76,431.06,-376.85,3.91,58.11,0,58,46,90,90
66175,MANUAL,IDLE,0,194.0,85.7,1,108.26,433.03,-371.44,3.95,65.54,0,66,52,90,90
67175,MANUAL,IDLE,0,194.0,84.4,1,109.65,438.58,-365.96,11.10,83.72,0,84,67,90,90
68176,MANUAL,IDLE,0,194.0,84.3,1,109.74,438.95,-360.47,0.74,79.22,0,79,63,90,90
69176,MANUAL,IDLE,0,194.0,83.2,1,110.84,443.35,-354.93,8.79,97.21,0,97,77,90,90
70176,MANUAL,IDLE,0,194.0,82.5,1,111.49,445.95,-351.14,5.20,101.79,0,100,80,90,90
71176,MANUAL,IDLE,0,194.0,81.7,1,112.32,449.28,-355.95,6.67,110.43,0,100,80,90,90
72177,MANUAL,IDLE,0,194.0,81.6,1,112.40,449.60,-350.33,0.63,99.89,0,100,80,90,90
73176,MANUAL,IDLE,0,194.0,81.1,1,112.90,451.59,-355.56,3.98,110.87,0,100,80,90,90
74261,MANUAL,IDLE,0,194.0,81.6,1,112.41,449.64,-349.94,-3.89,95.81,0,96,76,90,90
75174,MANUAL,IDLE,0,194.0,81.8,1,112.23,448.92,-347.49,-1.44,103.16,0,100,80,90,90
76174,MANUAL,IDLE,0,194.0,82.5,1,111.52,446.08,-341.91,-5.68,98.49,0,98,78,90,90
77174,MANUAL,IDLE,0,194.0,82.9,1,111.06,444.23,-340.54,-3.70,104.18,0,100,80,90,90
78175,MANUAL,IDLE,0,194.0,84.2,1,109.75,439.01,-335.05,-10.45,93.50,0,94,75,90,90
79175,MANUAL,IDLE,0,194.0,85.4,1,108.63,434.50,-329.62,-9.01,95.88,0,96,76,90,90
80175,MANUAL,IDLE,0,194.0,87.1,1,106.91,427.66,-324.27,-13.69,89.70,0,90,72,90,90
81175,MANUAL,IDLE,0,194.0,88.4,1,105.61,422.43,-318.99,-10.45,92.99,0,93,74,90,90
82175,MANUAL,IDLE,0,194.0,90.5,1,103.50,413.99,-313.82,-16.88,83.30,0,83,66,90,90
83175,MANUAL,IDLE,0,194.0,92.2,1,101.81,407.25,-308.73,-13.49,85.03,0,85,68,90,90
84176,MANUAL,IDLE,0,194.0,94.4,1,99.61,398.45,-303.75,-17.59,77.11,0,77,61,90,90
85176,MANUAL,IDLE,0,194.0,96.4,1,97.56,390.25,-298.87,-16.39,74.99,0,75,60,90,90
86177,MANUAL,IDLE,0,194.0,99.2,1,94.80,379.21,-294.13,-22.10,62.98,0,63,50,90,90
87176,MANUAL,IDLE,0,194.0,101.1,1,92.94,371.74,-289.48,-14.93,67.33,0,67,53,90,90
88177,MANUAL,IDLE,0,194.0,103.9,1,90.12,360.48,-284.97,-22.52,52.98,0,53,42,90,90
89177,MANUAL,IDLE,0,194.0,106.0,1,87.96,351.83,-280.58,-17.29,53.96,0,54,43,90,90
90261,MANUAL,IDLE,0,194.0,108.6,1,85.37,341.47,-276.31,-20.73,44.43,0,44,35,90,90
91174,MANUAL,IDLE,0,194.0,110.3,1,83.72,334.89,-272.12,-13.16,49.61,0,50,40,90,90
92174,MANUAL,IDLE,0,194.0,112.5,1,81.47,325.87,-268.05,-18.03,39.80,0,40,32,90,90
93174,MANUAL,IDLE,0,194.0,114.2,1,79.84,319.37,-264.06,-13.02,42.29,0,42,33,90,90
94175,MANUAL,IDLE,0,194.0,116.2,1,77.85,311.39,-260.16,-15.95,35.28,0,35,28,90,90
95175,MANUAL,IDLE,0,194.0,117.5,1,76.54,306.16,-256.34,-10.47,39.35,0,39,31,90,90
96175,MANUAL,IDLE,0,194.0,119.2,1,74.80,299.21,-252.60,-13.89,32.73,0,33,26,90,90
97175,MANUAL,IDLE,0,194.0,120.3,1,73.66,294.62,-248.91,-9.19,36.52,0,37,29,90,90
98175,MANUAL,IDLE,0,194.0,121.4,1,72.56,290.22,-245.29,-8.79,36.14,0,36,28,90,90
99175,MANUAL,IDLE,0,194.0,121.9,1,72.13,288.50,-241.68,-3.45,43.37,0,43,34,90,90
100176,MANUAL,IDLE,0,194.0,122.6,1,71.43,285.72,-238.11,-5.56,42.05,0,42,33,90,90
101176,MANUAL,IDLE,0,194.0,122.7,1,71.29,285.15,-234.54,-1.13,49.48,0,49,39,90,90
102176,MANUAL,IDLE,0,194.0,123.3,1,70.66,282.65,-231.01,-5.01,46.63,0,47,37,90,90
103176,MANUAL,IDLE,0,194.0,123.1,1,70.87,283.49,-227.47,1.68,57.70,0,58,46,90,90
104177,MANUAL,IDLE,0,194.0,123.5,1,70.49,281.96,-223.94,-3.05,54.97,0,55,44,90,90
105176,MANUAL,IDLE,0,194.0,122.6,1,71.43,285.73,-220.37,7.53,72.89,0,73,58,90,90
106261,MANUAL,IDLE,0,194.0,122.8,1,71.20,284.79,-216.81,-1.89,66.09,0,66,52,90,90
107174,MANUAL,IDLE,0,194.0,121.6,1,72.42,289.69,-213.19,9.81,86.31,0,86,68,90,90
108174,MANUAL,IDLE,0,194.0,121.3,1,72.72,290.89,-209.55,2.39,83.73,0,84,67,90,90
109174,MANUAL,IDLE,0,194.0,120.4,1,73.58,294.31,-205.88,6.85,95.28,0,95,76,90,90
110175,MANUAL,IDLE,0,194.0,120.3,1,73.75,294.99,-202.19,1.35,94.15,0,94,75,90,90
111174,MANUAL,IDLE,0,194.0,119.5,1,74.45,297.81,-203.44,5.64,104.98,0,100,80,90,90
112175,MANUAL,IDLE,0,194.0,119.6,1,74.38,297.52,-199.72,-0.58,97.21,0,97,77,90,90
113175,MANUAL,IDLE,0,194.0,119.2,1,74.81,299.23,-202.65,3.42,106.67,0,100,80,90,90
114175,MANUAL,IDLE,0,194.0,119.4,1,74.56,298.25,-198.92,-1.95,97.38,0,97,77,90,90
115175,MANUAL,IDLE,0,194.0,119.2,1,74.80,299.20,-201.11,1.90,105.93,0,100,80,90,90
116176,MANUAL,IDLE,0,194.0,119.7,1,74.34,297.37,-197.39,-3.68,96.29,0,96,76,90,90
117176,MANUAL,IDLE,0,194.0,119.7,1,74.30,297.21,-196.89,-0.32,103.21,0,100,80,90,90
118176,MANUAL,IDLE,0,194.0,120.7,1,73.28,293.12,-193.22,-8.18,91.71,0,92,73,90,90
119176,MANUAL,IDLE,0,194.0,120.9,1,73.09,292.38,-190.90,-1.48,101.33,0,100,80,90,90
120176,MANUAL,IDLE,0,194.0,122.3,1,71.72,286.90,-187.32,-10.96,88.63,0,89,71,90,90
121176,MANUAL,IDLE,0,194.0,123.0,1,71.02,284.07,-183.76,-5.66,94.64,0,95,76,90,90
122260,MANUAL,IDLE,0,194.0,124.3,1,69.70,278.79,-180.28,-10.56,87.95,0,88,70,90,90
123174,MANUAL,IDLE,0,194.0,125.2,1,68.81,275.26,-176.84,-7.07,91.35,0,91,72,90,90
124174,MANUAL,IDLE,0,194.0,126.7,1,67.29,269.14,-173.47,-12.22,83.45,0,83,66,90,90
125174,MANUAL,IDLE,0,194.0,127.7,1,66.29,265.14,-170.16,-8.00,86.98,0,87,69,90,90
126175,MANUAL,IDLE,0,194.0,129.6,1,64.44,257.77,-166.94,-14.75,76.08,0,76,60,90,90
127174,MANUAL,IDLE,0,194.0,130.8,1,63.19,252.74,-163.78,-10.05,78.92,0,79,63,90,90
128175,MANUAL,IDLE,0,194.0,132.6,1,61.35,245.42,-160.71,-14.65,70.06,0,70,56,90,90
129175,MANUAL,IDLE,0,194.0,133.6,1,60.39,241.55,-157.69,-7.74,76.12,0,76,60,90,90
130175,MANUAL,IDLE,0,194.0,135.6,1,58.44,233.75,-154.77,-15.60,63.37,0,63,50,90,90
131175,MANUAL,IDLE,0,194.0,136.5,1,57.53,230.11,-151.89,-7.28,70.94,0,71,56,90,90
132176,MANUAL,IDLE,0,194.0,138.3,1,55.69,222.75,-149.11,-14.72,58.92,0,59,47,90,90
133176,MANUAL,IDLE,0,194.0,139.2,1,54.76,219.05,-146.37,-7.40,65.27,0,65,52,90,90
134176,MANUAL,IDLE,0,194.0,141.2,1,52.82,211.28,-143.73,-15.54,52.01,0,52,41,90,90
135176,MANUAL,IDLE,0,194.0,142.3,1,51.66,206.66,-141.15,-9.24,56.27,0,56,44,90,90
136177,MANUAL,IDLE,0,194.0,143.9,1,50.09,200.37,-138.64,-12.57,49.15,0,49,39,90,90
137179,MANUAL,IDLE,0,194.0,144.6,1,49.40,197.58,-136.17,-5.57,55.84,0,56,44,90,90
138256,MANUAL,IDLE,0,194.0,145.8,1,48.21,192.83,-133.76,-9.51,49.56,0,50,40,90,90
139174,MANUAL,IDLE,0,194.0,146.1,1,47.85,191.40,-131.37,-2.85,57.18,0,57,45,90,90
140174,MANUAL,IDLE,0,194.0,147.1,1,46.93,187.73,-129.02,-7.35,51.35,0,51,40,90,90
141175,MANUAL,IDLE,0,194.0,147.2,1,46.81,187.22,-126.68,-1.01,59.53,0,60,48,90,90
142175,MANUAL,IDLE,0,194.0,147.8,1,46.16,184.62,-124.38,-5.19,55.06,0,55,44,90,90
143175,MANUAL,IDLE,0,194.0,147.1,1,46.85,187.41,-122.03,5.58,70.96,0,71,56,90,90
144175,MANUAL,IDLE,0,194.0,147.6,1,46.37,185.48,-119.71,-3.86,61.91,0,62,49,90,90
145175,MANUAL,IDLE,0,194.0,146.8,1,47.21,188.83,-117.35,6.70,78.18,0,78,62,90,90
146175,MANUAL,IDLE,0,194.0,147.2,1,46.84,187.34,-115.01,-2.98,69.35,0,69,55,90,90
147175,MANUAL,IDLE,0,194.0,146.4,1,47.56,190.26,-112.63,5.82,83.45,0,83,66,90,90
148176,MANUAL,IDLE,0,194.0,146.6,1,47.38,189.52,-110.26,-1.47,77.78,0,78,62,90,90
149176,MANUAL,IDLE,0,194.0,145.7,1,48.26,193.04,-107.85,7.05,92.24,0,92,73,90,90
150176,MANUAL,IDLE,0,194.0,145.5,1,48.52,194.09,-105.43,2.09,90.75,0,91,72,90,90
151176,MANUAL,IDLE,0,194.0,144.7,1,49.26,197.05,-102.97,5.92,100.01,0,100,80,90,90
152176,MANUAL,IDLE,0,194.0,144.6,1,49.37,197.46,-100.50,0.83,97.79,0,98,78,90,90
153176,MANUAL,IDLE,0,194.0,144.0,1,49.97,199.89,-104.73,4.84,106.72,0,100,80,90,90
154254,MANUAL,IDLE,0,194.0,144.2,1,49.77,199.06,-102.24,-1.65,95.17,0,95,76,90,90
155174,MANUAL,IDLE,0,194.0,143.8,1,50.18,200.72,-104.04,3.32,104.31,0,100,80,90,90
156174,MANUAL,IDLE,0,194.0,144.1,1,49.87,199.47,-101.55,-2.51,95.41,0,95,76,90,90
157174,MANUAL,IDLE,0,194.0,143.9,1,50.05,200.20,-101.67,1.47,102.62,0,100,80,90,90
158175,MANUAL,IDLE,0,194.0,144.3,1,49.70,198.80,-99.18,-2.80,96.82,0,97,77,90,90
159174,MANUAL,IDLE,0,194.0,144.3,1,49.71,198.83,-98.87,0.05,102.18,0,100,80,90,90
160175,MANUAL,IDLE,0,194.0,145.2,1,48.83,195.34,-96.43,-6.97,91.93,0,92,73,90,90
161175,MANUAL,IDLE,0,194.0,145.5,1,48.47,193.88,-94.01,-2.92,96.95,0,97,77,90,90
162175,MANUAL,IDLE,0,194.0,146.5,1,47.48,189.93,-91.64,-7.89,90.40,0,90,72,90,90
163175,MANUAL,IDLE,0,194.0,146.8,1,47.22,188.90,-89.27,-2.07,97.56,0,98,78,90,90
164176,MANUAL,IDLE,0,194.0,147.9,1,46.10,184.38,-86.97,-9.04,88.37,0,88,70,90,90
165176,MANUAL,IDLE,0,194.0,148.3,1,45.69,182.78,-84.68,-3.21,94.88,0,95,76,90,90
166176,MANUAL,IDLE,0,194.0,149.5,1,44.45,177.81,-82.46,-9.93,85.42,0,85,68,90,90
167176,MANUAL,IDLE,0,194.0,150.2,1,43.82,175.27,-80.27,-5.09,89.91,0,90,72,90,90
168177,MANUAL,IDLE,0,194.0,151.5,1,42.51,170.03,-78.15,-10.49,81.39,0,81,64,90,90
169176,MANUAL,IDLE,0,194.0,152.0,1,41.96,167.83,-76.05,-4.40,87.38,0,87,69,90,90
170254,MANUAL,IDLE,0,194.0,153.5,1,40.51,162.03,-74.02,-11.60,76.41,0,76,60,90,90
171174,MANUAL,IDLE,0,194.0,154.2,1,39.83,159.33,-72.03,-5.40,81.90,0,82,65,90,90
172174,MANUAL,IDLE,0,194.0,155.7,1,38.31,153.25,-70.12,-12.16,70.97,0,71,56,90,90
173174,MANUAL,IDLE,0,194.0,156.3,1,37.66,150.64,-68.23,-5.22,77.19,0,77,61,90,90
174175,MANUAL,IDLE,0,194.0,158.0,1,35.98,143.92,-66.43,-13.43,64.05,0,64,51,90,90
175175,MANUAL,IDLE,0,194.0,158.5,1,35.47,141.89,-64.66,-4.06,73.18,0,73,58,90,90
176175,MANUAL,IDLE,0,194.0,159.8,1,34.16,136.63,-62.95,-10.53,63.14,0,63,50,90,90
177175,MANUAL,IDLE,0,194.0,160.3,1,33.65,134.60,-61.27,-4.05,69.28,0,69,55,90,90
178175,MANUAL,IDLE,0,194.0,161.8,1,32.24,128.96,-59.66,-11.28,58.03,0,58,46,90,90
179175,MANUAL,IDLE,0,194.0,161.7,1,32.26,129.04,-58.04,0.16,71.15,0,71,56,90,90
180176,MANUAL,IDLE,0,194.0,163.0,1,31.01,124.02,-56.49,-10.04,57.49,0,57,45,90,90
181176,MANUAL,IDLE,0,194.0,163.1,1,30.88,123.51,-54.95,-1.02,67.54,0,68,54,90,90
182176,MANUAL,IDLE,0,194.0,164.3,1,29.65,118.60,-53.47,-9.82,55.31,0,55,44,90,90
183176,MANUAL,IDLE,0,194.0,164.0,1,29.96,119.84,-51.97,2.47,70.34,0,70,56,90,90
184178,MANUAL,IDLE,0,194.0,164.7,1,29.26,117.03,-50.51,-5.61,60.92,0,61,48,90,90
185177,MANUAL,IDLE,0,194.0,164.1,1,29.91,119.64,-49.01,5.22,75.85,0,76,60,90,90
186261,MANUAL,IDLE,0,194.0,164.5,1,29.51,118.05,-47.54,-3.19,67.33,0,67,53,90,90
187174,MANUAL,IDLE,0,194.0,164.0,1,30.01,120.03,-46.04,3.96,77.95,0,78,62,90,90
188175,MANUAL,IDLE,0,194.0,164.3,1,29.68,118.70,-44.55,-2.65,71.50,0,72,57,90,90
189174,MANUAL,IDLE,0,194.0,163.6,1,30.43,121.71,-43.03,6.01,84.69,0,85,68,90,90
190175,MANUAL,IDLE,0,194.0,163.3,1,30.66,122.65,-41.50,1.88,83.03,0,83,66,90,90
191175,MANUAL,IDLE,0,194.0,162.7,1,31.31,125.24,-39.93,5.18,90.49,0,90,72,90,90
192175,MANUAL,IDLE,0,194.0,162.8,1,31.22,124.88,-38.37,-0.71,85.80,0,86,68,90,90
193175,MANUAL,IDLE,0,194.0,162.1,1,31.92,127.69,-36.77,5.60,96.51,0,97,77,90,90
194175,MANUAL,IDLE,0,194.0,162.3,1,31.74,126.95,-35.19,-1.47,90.29,0,90,72,90,90
195175,MANUAL,IDLE,0,194.0,161.9,1,32.13,128.53,-33.58,3.17,98.12,0,98,78,90,90
196176,MANUAL,IDLE,0,194.0,162.0,1,32.03,128.11,-31.98,-0.84,95.29,0,95,76,90,90
197176,MANUAL,IDLE,0,194.0,161.4,1,32.58,130.31,-34.71,4.40,104.36,0,100,80,90,90
198176,MANUAL,IDLE,0,194.0,161.7,1,32.26,129.05,-33.10,-2.52,93.43,0,93,74,90,90
199176,MANUAL,IDLE,0,194.0,161.4,1,32.59,130.34,-32.92,2.58,101.45,0,100,80,90,90
200177,MANUAL,IDLE,0,194.0,161.5,1,32.50,130.00,-31.30,-0.67,98.03,0,98,78,90,90
201177,MANUAL,IDLE,0,194.0,161.3,1,32.66,130.63,-31.87,1.25,102.21,0,100,80,90,90
202261,MANUAL,IDLE,0,194.0,161.9,1,32.06,128.23,-30.27,-4.80,93.16,0,93,74,90,90
203174,MANUAL,IDLE,0,194.0,162.0,1,31.99,127.94,-28.67,-0.57,98.69,0,99,79,90,90
204174,MANUAL,IDLE,0,194.0,162.7,1,31.27,125.09,-27.11,-5.70,92.29,0,92,73,90,90
205174,MANUAL,IDLE,0,194.0,162.9,1,31.09,124.36,-25.55,-1.46,97.36,0,97,77,90,90
206175,MANUAL,IDLE,0,194.0,163.6,1,30.38,121.52,-24.03,-5.69,91.79,0,92,73,90,90
207174,MANUAL,IDLE,0,194.0,163.8,1,30.15,120.60,-22.53,-1.83,96.25,0,96,76,90,90
208175,MANUAL,IDLE,0,194.0,164.7,1,29.26,117.03,-21.06,-7.15,88.81,0,89,71,90,90
209175,MANUAL,IDLE,0,194.0,165.0,1,29.04,116.14,-19.61,-1.77,94.75,0,95,76,90,90
210175,MANUAL,IDLE,0,194.0,166.0,1,27.97,111.89,-18.21,-8.50,85.18,0,85,68,90,90
211175,MANUAL,IDLE,0,194.0,166.3,1,27.72,110.88,-16.83,-2.03,92.02,0,92,73,90,90
212176,MANUAL,IDLE,0,194.0,167.3,1,26.73,106.93,-15.49,-7.89,83.55,0,84,67,90,90
213176,MANUAL,IDLE,0,194.0,167.7,1,26.30,105.21,-14.18,-3.44,87.60,0,88,70,90,90
214176,MANUAL,IDLE,0,194.0,168.7,1,25.30,101.18,-12.91,-8.06,80.21,0,80,64,90,90
215176,MANUAL,IDLE,0,194.0,169.3,1,24.67,98.66,-11.68,-5.03,81.95,0,82,65,90,90
216176,MANUAL,IDLE,0,194.0,170.6,1,23.41,93.62,-10.51,-10.08,73.03,0,73,58,90,90
217176,MANUAL,IDLE,0,194.0,170.9,1,23.06,92.23,-9.35,-2.80,80.08,0,80,64,90,90
218261,MANUAL,IDLE,0,194.0,172.0,1,21.97,87.88,-8.26,-8.70,70.92,0,71,56,90,90
219174,MANUAL,IDLE,0,194.0,172.3,1,21.75,86.99,-7.17,-1.77,78.06,0,78,62,90,90
220174,MANUAL,IDLE,0,194.0,173.3,1,20.72,82.87,-6.13,-8.24,68.49,0,68,54,90,90
221174,MANUAL,IDLE,0,194.0,173.5,1,20.45,81.80,-5.11,-2.14,74.56,0,75,60,90,90
222175,MANUAL,IDLE,0,194.0,174.4,1,19.61,78.45,-4.13,-6.70,67.62,0,68,54,90,90
223175,MANUAL,IDLE,0,194.0,174.2,1,19.78,79.13,-3.14,1.35,77.34,0,77,61,90,90
224175,MANUAL,IDLE,0,194.0,175.2,1,18.83,75.32,-2.20,-7.61,65.51,0,66,52,90,90
225175,MANUAL,IDLE,0,194.0,175.1,1,18.92,75.68,-1.25,0.72,75.15,0,75,60,90,90
226175,MANUAL,IDLE,0,194.0,175.9,1,18.13,72.51,-0.35,-6.35,65.82,0,66,52,90,90
227175,MANUAL,IDLE,0,194.0,175.6,1,18.40,73.60,0.57,2.18,76.35,0,76,60,90,90
228176,MANUAL,IDLE,0,194.0,176.2,1,17.85,71.40,1.47,-4.40,68.47,0,68,54,90,90
229176,MANUAL,IDLE,0,194.0,175.7,1,18.31,73.22,2.38,3.65,79.26,0,79,63,90,90
230176,MANUAL,IDLE,0,194.0,176.3,1,17.72,70.88,3.27,-4.70,69.45,0,69,55,90,90
231177,MANUAL,IDLE,0,194.0,175.8,1,18.23,72.93,4.18,4.11,81.22,0,81,64,90,90
232177,MANUAL,IDLE,0,194.0,176.1,1,17.87,71.46,5.07,-2.94,73.59,0,74,59,90,90
233176,MANUAL,IDLE,0,194.0,175.6,1,18.42,73.70,5.99,4.47,84.16,0,84,67,90,90
234259,MANUAL,IDLE,0,194.0,175.9,1,18.13,72.52,6.90,-2.36,77.06,0,77,61,90,90
235174,MANUAL,IDLE,0,194.0,175.3,1,18.67,74.67,7.83,4.30,86.80,0,87,69,90,90
236174,MANUAL,IDLE,0,194.0,175.1,1,18.86,75.44,8.78,1.54,85.76,0,86,68,90,90
237174,MANUAL,IDLE,0,194.0,174.5,1,19.47,77.87,9.75,4.87,92.49,0,92,73,90,90
238175,MANUAL,IDLE,0,194.0,174.6,1,19.39,77.55,10.72,-0.64,87.63,0,88,70,90,90
239175,MANUAL,IDLE,0,194.0,174.3,1,19.67,78.69,11.70,2.27,92.65,0,93,74,90,90
240175,MANUAL,IDLE,0,194.0,174.3,1,19.69,78.76,12.69,0.15,91.60,0,92,73,90,90
241175,MANUAL,IDLE,0,194.0,174.0,1,20.04,80.18,13.69,2.83,96.70,0,97,77,90,90
242175,MANUAL,IDLE,0,194.0,174.1,1,19.87,79.48,14.68,-1.41,92.75,0,93,74,90,90
243175,MANUAL,IDLE,0,194.0,173.9,1,20.07,80.27,15.69,1.58,97.54,0,98,78,90,90
244176,MANUAL,IDLE,0,194.0,174.1,1,19.94,79.78,16.68,-0.98,95.47,0,95,76,90,90
245176,MANUAL,IDLE,0,194.0,173.9,1,20.12,80.50,17.69,1.45,99.63,0,100,80,90,90
246176,MANUAL,IDLE,0,194.0,174.0,1,19.98,79.91,18.69,-1.19,97.41,0,97,77,90,90
247176,MANUAL,IDLE,0,194.0,174.0,1,20.05,80.20,19.22,0.58,100.47,0,100,80,90,90
248177,MANUAL,IDLE,0,194.0,174.5,1,19.53,78.11,20.20,-4.17,94.14,0,94,75,90,90
249176,MANUAL,IDLE,0,194.0,174.5,1,19.45,77.81,21.17,-0.60,98.38,0,98,78,90,90
250262,MANUAL,IDLE,0,194.0,175.1,1,18.93,75.71,22.12,-4.21,93.61,0,94,75,90,90
251174,MANUAL,IDLE,0,194.0,175.1,1,18.94,75.77,23.06,0.13,98.97,0,99,79,90,90
252174,MANUAL,IDLE,0,194.0,175.7,1,18.34,73.37,23.98,-4.80,92.55,0,93,74,90,90
253174,MANUAL,IDLE,0,194.0,175.8,1,18.24,72.96,24.89,-0.83,97.03,0,97,77,90,90
254175,MANUAL,IDLE,0,194.0,176.5,1,17.53,70.10,25.77,-5.71,90.16,0,90,72,90,90
255174,MANUAL,IDLE,0,194.0,176.5,1,17.47,69.87,26.64,-0.46,96.05,0,96,76,90,90
256175,MANUAL,IDLE,0,194.0,177.3,1,16.65,66.61,27.47,-6.51,87.58,0,88,70,90,90
257175,MANUAL,IDLE,0,194.0,177.7,1,16.26,65.03,28.29,-3.16,90.16,0,90,72,90,90
258175,MANUAL,IDLE,0,194.0,178.6,1,15.43,61.71,29.06,-6.65,84.11,0,84,67,90,90
259175,MANUAL,IDLE,0,194.0,178.9,1,15.13,60.52,29.82,-2.37,87.97,0,88,70,90,90
260176,MANUAL,IDLE,0,194.0,179.6,1,14.35,57.42,30.53,-6.21,81.74,0,82,65,90,90
261176,MANUAL,IDLE,0,194.0,179.7,1,14.32,57.30,31.25,-0.24,88.31,0,88,70,90,90
262176,MANUAL,IDLE,0,194.0,180.5,1,13.48,53.92,31.92,-6.76,79.08,0,79,63,90,90
263176,MANUAL,IDLE,0,194.0,180.8,1,13.21,52.83,32.58,-2.18,83.23,0,83,66,90,90
264177,MANUAL,IDLE,0,194.0,181.6,1,12.37,49.47,33.20,-6.73,75.94,0,76,60,90,90
265176,MANUAL,IDLE,0,194.0,181.6,1,12.36,49.45,33.82,-0.03,83.24,0,83,66,90,90
266256,MANUAL,IDLE,0,194.0,182.6,1,11.38,45.50,34.39,-7.89,72.00,0,72,57,90,90
267174,MANUAL,IDLE,0,194.0,182.6,1,11.43,45.72,34.96,0.43,81.12,0,81,64,90,90
268174,MANUAL,IDLE,0,194.0,183.5,1,10.51,42.03,35.49,-7.38,70.14,0,70,56,90,90
269174,MANUAL,IDLE,0,194.0,183.2,1,10.77,43.08,36.02,2.10,81.20,0,81,64,90,90
270175,MANUAL,IDLE,0,194.0,184.1,1,9.93,39.73,36.52,-6.69,69.56,0,70,56,90,90
271175,MANUAL,IDLE,0,194.0,183.9,1,10.12,40.47,37.03,1.48,78.99,0,79,63,90,90
272175,MANUAL,IDLE,0,194.0,184.7,1,9.30,37.20,37.49,-6.54,68.16,0,68,54,90,90
273175,MANUAL,IDLE,0,194.0,184.3,1,9.67,38.68,37.98,2.95,79.60,0,80,64,90,90
274175,MANUAL,IDLE,0,194.0,185.0,1,9.05,36.19,38.43,-4.97,69.65,0,70,56,90,90
275175,MANUAL,IDLE,0,194.0,184.4,1,9.56,38.23,38.91,4.08,81.22,0,81,64,90,90
276176,MANUAL,IDLE,0,194.0,185.1,1,8.94,35.76,39.35,-4.95,70.15,0,70,56,90,90
277176,MANUAL,IDLE,0,194.0,184.6,1,9.36,37.43,39.82,3.34,80.58,0,81,64,90,90
278176,MANUAL,IDLE,0,194.0,184.9,1,9.09,36.36,40.28,-2.12,74.52,0,75,60,90,90
279176,MANUAL,IDLE,0,194.0,184.3,1,9.71,38.83,40.76,4.93,84.52,0,85,68,90,90
280177,MANUAL,IDLE,0,194.0,184.3,1,9.74,38.97,41.25,0.27,80.49,0,80,64,90,90
281176,MANUAL,IDLE,0,194.0,183.8,1,10.18,40.73,41.76,3.53,86.02,0,86,68,90,90
282266,MANUAL,IDLE,0,194.0,183.9,1,10.10,40.41,42.26,-0.64,82.03,0,82,65,90,90
283174,MANUAL,IDLE,0,194.0,183.5,1,10.50,41.98,42.79,3.14,87.91,0,88,70,90,90
284174,MANUAL,IDLE,0,194.0,183.5,1,10.50,41.99,43.31,0.02,85.32,0,85,68,90,90
285174,MANUAL,IDLE,0,194.0,183.0,1,11.01,44.06,43.86,4.13,92.05,0,92,73,90,90
286175,MANUAL,IDLE,0,194.0,183.1,1,10.95,43.78,44.41,-0.55,87.64,0,88,70,90,90
287175,MANUAL,IDLE,0,194.0,182.7,1,11.34,45.38,44.98,3.19,93.54,0,94,75,90,90
288175,MANUAL,IDLE,0,194.0,182.9,1,11.15,44.59,45.53,-1.58,88.54,0,89,71,90,90
289175,MANUAL,IDLE,0,194.0,182.4,1,11.58,46.33,46.11,3.49,95.93,0,96,76,90,90
290175,MANUAL,IDLE,0,194.0,182.6,1,11.37,45.50,46.68,-1.66,90.52,0,91,72,90,90
291175,MANUAL,IDLE,0,194.0,182.3,1,11.71,46.84,47.27,2.69,96.80,0,97,77,90,90
292176,MANUAL,IDLE,0,194.0,182.5,1,11.46,45.85,47.84,-1.99,91.70,0,92,73,90,90
293176,MANUAL,IDLE,0,194.0,182.3,1,11.74,46.98,48.43,2.26,97.66,0,98,78,90,90
294176,MANUAL,IDLE,0,194.0,182.4,1,11.64,46.55,49.01,-0.86,94.70,0,95,76,90,90
295176,MANUAL,IDLE,0,194.0,182.2,1,11.84,47.37,49.60,1.64,98.62,0,99,79,90,90
296177,MANUAL,IDLE,0,194.0,182.5,1,11.54,46.15,50.18,-2.45,93.87,0,94,75,90,90
297176,MANUAL,IDLE,0,194.0,182.4,1,11.57,46.27,50.76,0.25,97.27,0,97,77,90,90
298259,MANUAL,IDLE,0,194.0,182.8,1,11.23,44.90,51.32,-2.74,93.48,0,93,74,90,90
299174,MANUAL,IDLE,0,194.0,182.5,1,11.50,46.01,51.78,2.21,100.11,0,100,80,90,90
300174,MANUAL,IDLE,0,194.0,183.2,1,10.84,43.38,52.32,-5.26,90.45,0,90,72,90,90
301174,MANUAL,IDLE,0,194.0,183.3,1,10.74,42.96,52.86,-0.83,94.99,0,95,76,90,90
302175,MANUAL,IDLE,0,194.0,184.0,1,10.04,40.17,53.36,-5.59,87.94,0,88,70,90,90
303174,MANUAL,IDLE,0,194.0,184.1,1,9.90,39.59,53.86,-1.15,92.31,0,92,73,90,90
304175,MANUAL,IDLE,0,194.0,184.7,1,9.33,37.33,54.32,-4.52,87.14,0,87,69,90,90
305175,MANUAL,IDLE,0,194.0,184.9,1,9.08,36.31,54.78,-2.04,89.05,0,89,71,90,90
306175,MANUAL,IDLE,0,194.0,185.7,1,8.33,33.30,55.19,-6.02,82.47,0,82,65,90,90
307175,MANUAL,IDLE,0,194.0,185.6,1,8.35,33.42,55.61,0.24,89.27,0,89,71,90,90
308176,MANUAL,IDLE,0,194.0,186.3,1,7.70,30.80,56.00,-5.24,81.55,0,82,65,90,90
309176,MANUAL,IDLE,0,194.0,186.5,1,7.55,30.20,56.38,-1.20,85.38,0,85,68,90,90
310176,MANUAL,IDLE,0,194.0,187.2,1,6.81,27.24,56.72,-5.92,78.03,0,78,62,90,90
311176,MANUAL,IDLE,0,194.0,187.3,1,6.66,26.63,57.05,-1.21,82.47,0,82,65,90,90
312177,MANUAL,IDLE,0,194.0,188.2,1,5.78,23.11,57.34,-7.05,73.39,0,73,58,90,90
313176,MANUAL,IDLE,0,194.0,188.2,1,5.81,23.25,57.63,0.28,81.16,0,81,64,90,90
314264,MANUAL,IDLE,0,194.0,189.0,1,5.00,20.01,57.88,-6.47,71.43,0,71,56,90,90
315174,MANUAL,IDLE,0,194.0,188.7,1,5.33,21.32,58.14,2.61,82.08,0,82,65,90,90
316174,MANUAL,IDLE,0,194.0,189.4,1,4.62,18.49,58.38,-5.66,71.21,0,71,56,90,90
317174,MANUAL,IDLE,0,194.0,189.1,1,4.94,19.78,58.62,2.57,80.97,0,81,64,90,90
318175,MANUAL,IDLE,0,194.0,189.6,1,4.36,17.44,58.84,-4.68,71.60,0,72,57,90,90
319174,MANUAL,IDLE,0,194.0,189.0,1,4.98,19.93,59.09,4.99,84.02,0,84,67,90,90
320175,MANUAL,IDLE,0,194.0,189.7,1,4.33,17.34,59.31,-5.19,71.45,0,71,56,90,90
321175,MANUAL,IDLE,0,194.0,189.0,1,4.95,19.81,59.55,4.95,84.32,0,84,67,90,90
322175,MANUAL,IDLE,0,194.0,189.6,1,4.44,17.77,59.78,-4.09,73.46,0,73,58,90,90
323175,MANUAL,IDLE,0,194.0,189.0,1,4.95,19.81,60.02,4.08,83.91,0,84,67,90,90
324176,MANUAL,IDLE,0,194.0,189.5,1,4.54,18.14,60.25,-3.33,75.06,0,75,60,90,90
325176,MANUAL,IDLE,0,194.0,188.9,1,5.11,20.46,60.51,4.63,85.59,0,86,68,90,90
326176,MANUAL,IDLE,0,194.0,189.0,1,5.03,20.13,60.76,-0.65,80.24,0,80,64,90,90
327176,MANUAL,IDLE,0,194.0,188.5,1,5.50,22.01,61.03,3.76,86.81,0,87,69,90,90
328176,MANUAL,IDLE,0,194.0,188.5,1,5.53,22.13,61.31,0.24,83.68,0,84,67,90,90
329178,MANUAL,IDLE,0,194.0,188.0,1,6.02,24.07,61.61,3.89,89.57,0,90,72,90,90
330259,MANUAL,IDLE,0,194.0,188.2,1,5.84,23.35,61.90,-1.44,83.82,0,84,67,90,90
331174,MANUAL,IDLE,0,194.0,187.6,1,6.36,25.45,62.22,4.19,91.86,0,92,73,90,90
332174,MANUAL,IDLE,0,194.0,187.6,1,6.41,25.63,62.54,0.36,88.53,0,89,71,90,90
333175,MANUAL,IDLE,0,194.0,187.2,1,6.78,27.10,62.88,2.95,92.93,0,93,74,90,90
334175,MANUAL,IDLE,0,194.0,187.3,1,6.75,27.00,63.22,-0.22,90.00,0,90,72,90,90
335174,MANUAL,IDLE,0,194.0,186.8,1,7.16,28.62,63.58,3.25,95.45,0,95,76,90,90
336175,MANUAL,IDLE,0,194.0,187.0,1,6.96,27.85,63.92,-1.54,90.23,0,90,72,90,90
337175,MANUAL,IDLE,0,194.0,186.7,1,7.31,29.23,64.29,2.76,96.27,0,96,76,90,90
338175,MANUAL,IDLE,0,194.0,186.8,1,7.24,28.94,64.65,-0.57,93.02,0,93,74,90,90
339175,MANUAL,IDLE,0,194.0,186.3,1,7.69,30.78,65.04,3.68,99.49,0,99,79,90,90
340176,MANUAL,IDLE,0,194.0,186.6,1,7.44,29.75,65.41,-2.06,93.10,0,93,74,90,90
341176,MANUAL,IDLE,0,194.0,186.3,1,7.71,30.86,65.79,2.22,98.87,0,99,79,90,90
342176,MANUAL,IDLE,0,194.0,186.5,1,7.51,30.05,66.17,-1.63,94.59,0,95,76,90,90
343176,MANUAL,IDLE,0,194.0,186.3,1,7.71,30.84,66.55,1.58,98.98,0,99,79,90,90
344177,MANUAL,IDLE,0,194.0,186.9,1,7.13,28.53,66.91,-4.61,90.84,0,91,72,90,90
345176,MANUAL,IDLE,0,194.0,186.9,1,7.06,28.24,67.26,-0.59,94.91,0,95,76,90,90
346266,MANUAL,IDLE,0,194.0,187.4,1,6.63,26.51,67.60,-3.46,90.65,0,91,72,90,90
347174,MANUAL,IDLE,0,194.0,187.3,1,6.68,26.72,67.93,0.43,95.08,0,95,76,90,90
348174,MANUAL,IDLE,0,194.0,187.9,1,6.12,24.47,68.24,-4.51,88.20,0,88,70,90,90
349174,MANUAL,IDLE,0,194.0,187.9,1,6.07,24.26,68.54,-0.41,92.39,0,92,73,90,90
350175,MANUAL,IDLE,0,194.0,188.6,1,5.40,21.59,68.81,-5.36,85.04,0,85,68,90,90
351175,MANUAL,IDLE,0,194.0,188.7,1,5.33,21.33,69.07,-0.51,89.89,0,90,72,90,90
411175,MANUAL,IDLE,0,97.0,70.9,1,26.08,104.31,-14.27,9.96,115.58,0,100,80,90,90
412175,MANUAL,IDLE,0,97.0,69.3,1,27.70,110.80,-23.78,12.98,110.89,0,100,80,90,90
413175,MANUAL,IDLE,0,97.0,67.5,1,29.55,118.20,-33.00,14.80,110.70,0,100,80,90,90
414175,MANUAL,IDLE,0,97.0,66.6,1,30.36,121.42,-31.48,6.45,96.39,0,96,76,90,90
415176,MANUAL,IDLE,0,97.0,65.3,1,31.73,126.93,-37.93,11.00,108.03,0,100,80,90,90
416176,MANUAL,IDLE,0,97.0,64.7,1,32.30,129.21,-36.31,4.56,97.46,0,97,77,90,90
417176,MANUAL,IDLE,0,97.0,63.8,1,33.15,132.62,-39.43,6.82,104.78,0,100,80,90,90
418176,MANUAL,IDLE,0,97.0,64.1,1,32.90,131.60,-37.79,-2.04,91.77,0,92,73,90,90
419177,MANUAL,IDLE,0,97.0,63.9,1,33.15,132.59,-36.13,1.98,98.43,0,98,78,90,90
420176,MANUAL,IDLE,0,97.0,64.7,1,32.33,129.33,-34.52,-6.51,88.30,0,88,70,90,90
421260,MANUAL,IDLE,0,97.0,65.1,1,31.87,127.50,-32.92,-3.66,90.91,0,91,72,90,90
422174,MANUAL,IDLE,0,97.0,66.6,1,30.41,121.66,-31.40,-11.69,78.57,0,79,63,90,90
423174,MANUAL,IDLE,0,97.0,67.8,1,29.22,116.87,-29.94,-9.57,77.35,0,77,61,90,90
424174,MANUAL,IDLE,0,97.0,70.3,1,26.67,106.68,-28.61,-20.38,57.68,0,58,46,90,90
425175,MANUAL,IDLE,0,97.0,71.9,1,25.13,100.51,-27.35,-12.34,60.81,0,61,48,90,90
426174,MANUAL,IDLE,0,97.0,74.9,1,22.12,88.47,-26.24,-24.07,38.16,0,38,30,90,90
427176,MANUAL,IDLE,0,97.0,77.3,1,19.72,78.89,-25.26,-19.16,34.47,0,34,27,90,90
428175,MANUAL,IDLE,0,97.0,80.5,1,16.50,66.00,-24.43,-25.78,15.79,0,16,12,90,90
429175,MANUAL,IDLE,0,97.0,83.5,1,13.50,54.00,-23.76,-24.00,6.24,0,6,4,90,90
430175,MANUAL,IDLE,0,97.0,86.2,1,10.80,43.19,-21.56,-21.63,-1.66,0,0,0,90,90
431176,MANUAL,IDLE,0,97.0,89.0,1,8.01,32.04,-9.75,-22.29,-11.41,0,0,0,90,90
432176,MANUAL,IDLE,0,97.0,91.4,1,5.57,22.27,-2.74,-19.54,-6.74,0,0,0,90,90
433176,MANUAL,IDLE,0,97.0,93.6,1,3.44,13.78,3.21,-16.99,-5.77,0,0,0,90,90
434176,MANUAL,IDLE,0,97.0,95.5,1,1.48,5.94,9.74,-15.68,-6.46,0,0,0,90,90
435177,MANUAL,IDLE,0,97.0,97.2,1,-0.23,-0.91,14.61,-13.70,-4.87,0,0,0,90,90
436176,MANUAL,IDLE,0,97.0,98.7,1,-1.72,-6.89,18.84,-11.95,-4.32,0,0,0,90,90
437254,MANUAL,IDLE,0,97.0,99.8,1,-2.78,-11.12,19.60,-8.47,-0.90,0,0,0,90,90
438174,MANUAL,IDLE,0,97.0,100.7,1,-3.70,0.00,0.00,0.00,0.00,1,0,0,90,90
439174,MANUAL,IDLE,0,97.0,101.4,1,-4.37,0.00,0.00,0.00,0.00,1,0,0,90,90
440174,MANUAL,IDLE,0,97.0,101.7,1,-4.71,0.00,0.00,0.00,0.00,1,0,0,90,90
441175,MANUAL,IDLE,0,97.0,101.7,1,-4.71,0.00,0.00,0.00,0.00,1,0,0,90,90
442174,MANUAL,IDLE,0,97.0,101.6,1,-4.60,0.00,0.00,0.00,0.00,1,0,0,90,90
443175,MANUAL,IDLE,0,97.0,101.3,1,-4.28,0.00,0.00,0.00,0.00,1,0,0,90,90
444175,MANUAL,IDLE,0,97.0,100.7,1,-3.70,0.00,0.00,0.00,0.00,1,0,0,90,90
445175,MANUAL,IDLE,0,97.0,100.0,1,-3.00,0.00,0.00,0.00,0.00,1,0,0,90,90
446175,MANUAL,IDLE,0,97.0,99.1,1,-2.11,-8.45,1.31,7.14,-1.41,0,0,0,90,90
447176,MANUAL,IDLE,0,97.0,98.0,1,-1.05,-4.19,1.25,8.52,5.58,0,6,4,90,90
448176,MANUAL,IDLE,0,97.0,96.8,1,0.21,0.83,1.26,10.04,12.14,0,12,9,90,90
449176,MANUAL,IDLE,0,97.0,95.7,1,1.29,5.16,1.33,8.65,15.13,0,15,12,90,90
450176,MANUAL,IDLE,0,97.0,94.5,1,2.49,9.96,1.45,9.61,21.03,0,21,16,90,90
451176,MANUAL,IDLE,0,97.0,93.3,1,3.73,14.92,1.64,9.91,26.46,0,26,20,90,90
452176,MANUAL,IDLE,0,97.0,91.9,1,5.13,20.52,1.90,11.20,33.61,0,34,27,90,90
453261,MANUAL,IDLE,0,97.0,90.2,1,6.84,27.35,2.24,13.67,43.27,0,43,34,90,90
454174,MANUAL,IDLE,0,97.0,88.9,1,8.07,32.26,2.64,9.82,44.72,0,45,36,90,90
455174,MANUAL,IDLE,0,97.0,87.4,1,9.57,38.27,3.12,12.02,53.41,0,53,42,90,90
456174,MANUAL,IDLE,0,97.0,86.4,1,10.60,42.40,3.65,8.26,54.32,0,54,43,90,90
457175,MANUAL,IDLE,0,97.0,84.2,1,12.81,51.23,4.29,17.65,73.16,0,73,58,90,90
458174,MANUAL,IDLE,0,97.0,83.7,1,13.27,53.06,4.95,3.68,61.70,0,62,49,90,90
459175,MANUAL,IDLE,0,97.0,82.1,1,14.85,59.41,5.70,12.69,77.80,0,78,62,90,90
460175,MANUAL,IDLE,0,97.0,82.1,1,14.87,59.48,6.44,0.14,66.06,0,66,52,90,90
461175,MANUAL,IDLE,0,97.0,80.9,1,16.08,64.33,7.24,9.70,81.28,0,81,64,90,90
462175,MANUAL,IDLE,0,97.0,81.2,1,15.77,63.06,8.03,-2.54,68.55,0,69,55,90,90
463176,MANUAL,IDLE,0,97.0,80.5,1,16.46,65.85,8.86,5.57,80.27,0,80,64,90,90
464176,MANUAL,IDLE,0,97.0,81.1,1,15.92,63.66,9.65,-4.37,68.95,0,69,55,90,90
465176,MANUAL,IDLE,0,97.0,80.9,1,16.09,64.37,10.46,1.42,76.25,0,76,60,90,90
466176,MANUAL,IDLE,0,97.0,82.2,1,14.83,59.34,11.20,-10.08,60.46,0,60,48,90,90
467177,MANUAL,IDLE,0,97.0,82.3,1,14.66,58.63,11.93,-1.42,69.14,0,69,55,90,90
468176,MANUAL,IDLE,0,97.0,84.1,1,12.93,51.73,12.58,-13.80,50.51,0,51,40,90,90
469267,MANUAL,IDLE,0,97.0,85.2,1,11.77,47.10,13.17,-9.26,51.00,0,51,40,90,90
470174,MANUAL,IDLE,0,97.0,87.0,1,9.97,39.87,13.66,-14.46,39.07,0,39,31,90,90
471174,MANUAL,IDLE,0,97.0,88.3,1,8.67,34.68,14.10,-10.38,38.39,0,38,30,90,90
472174,MANUAL,IDLE,0,97.0,90.2,1,6.81,27.25,14.44,-14.84,26.85,0,27,21,90,90
473175,MANUAL,IDLE,0,97.0,91.6,1,5.43,21.71,14.71,-11.10,25.32,0,25,20,90,90
474176,MANUAL,IDLE,0,97.0,93.4,1,3.58,14.33,14.89,-14.74,14.48,0,14,11,90,90
475175,MANUAL,IDLE,0,97.0,95.2,1,1.77,7.06,14.98,-14.54,7.50,0,7,5,90,90
476175,MANUAL,IDLE,0,97.0,96.7,1,0.31,1.22,14.99,-11.68,4.54,0,5,4,90,90
477175,MANUAL,IDLE,0,97.0,98.1,1,-1.11,-4.44,15.76,-11.32,-0.82,0,0,0,90,90
478176,MANUAL,IDLE,0,97.0,99.4,1,-2.39,-9.56,19.80,-10.24,-4.16,0,0,0,90,90
479176,MANUAL,IDLE,0,97.0,100.5,1,-3.48,0.00,0.00,0.00,0.00,1,0,0,90,90
480176,MANUAL,IDLE,0,97.0,101.3,1,-4.32,0.00,0.00,0.00,0.00,1,0,0,90,90
481176,MANUAL,IDLE,0,97.0,101.8,1,-4.84,0.00,0.00,0.00,0.00,1,0,0,90,90
482176,MANUAL,IDLE,0,97.0,102.5,1,-5.45,0.00,0.00,0.00,0.00,1,0,0,90,90
483177,MANUAL,IDLE,0,97.0,102.6,1,-5.57,0.00,0.00,0.00,0.00,1,0,0,90,90
484176,MANUAL,IDLE,0,97.0,102.5,1,-5.49,0.00,0.00,0.00,0.00,1,0,0,90,90
485265,MANUAL,IDLE,0,97.0,102.4,1,-5.37,0.00,0.00,0.00,0.00,1,0,0,90,90
486174,MANUAL,IDLE,0,97.0,101.9,1,-4.88,0.00,0.00,0.00,0.00,1,0,0,90,90
487174,MANUAL,IDLE,0,97.0,101.4,1,-4.37,0.00,0.00,0.00,0.00,1,0,0,90,90
488174,MANUAL,IDLE,0,97.0,100.6,1,-3.65,0.00,0.00,0.00,0.00,1,0,0,90,90
489175,MANUAL,IDLE,0,97.0,99.6,1,-2.63,-10.52,2.38,8.13,-2.51,0,0,0,90,90
490174,MANUAL,IDLE,0,97.0,98.7,1,-1.73,-6.91,2.29,7.20,2.58,0,3,2,90,90
491175,MANUAL,IDLE,0,97.0,97.6,1,-0.61,-2.45,2.26,8.93,8.74,0,9,7,90,90
492175,MANUAL,IDLE,0,97.0,96.4,1,0.56,2.25,2.29,9.40,13.93,0,14,11,90,90
493175,MANUAL,IDLE,0,97.0,95.1,1,1.86,7.45,2.38,10.41,20.25,0,20,16,90,90
494175,MANUAL,IDLE,0,97.0,93.8,1,3.16,12.63,2.54,10.36,25.53,0,26,20,90,90
495176,MANUAL,IDLE,0,97.0,91.9,1,5.06,20.23,2.80,15.20,38.22,0,38,30,90,90
496176,MANUAL,IDLE,0,97.0,90.8,1,6.20,24.82,3.11,9.18,37.10,0,37,29,90,90
497176,MANUAL,IDLE,0,97.0,89.1,1,7.88,31.52,3.50,13.41,48.43,0,48,38,90,90
498176,MANUAL,IDLE,0,97.0,88.0,1,9.04,36.17,3.95,9.29,49.41,0,49,39,90,90
499177,MANUAL,IDLE,0,97.0,86.3,1,10.66,42.66,4.48,12.98,60.12,0,60,48,90,90
500176,MANUAL,IDLE,0,97.0,85.4,1,11.59,46.37,5.06,7.42,58.86,0,59,47,90,90
501261,MANUAL,IDLE,0,97.0,83.3,1,13.66,54.65,5.75,16.55,76.94,0,77,61,90,90
502174,MANUAL,IDLE,0,97.0,82.9,1,14.08,56.30,6.45,3.31,66.06,0,66,52,90,90
503174,MANUAL,IDLE,0,97.0,81.5,1,15.48,61.92,7.23,11.24,80.38,0,80,64,90,90
504174,MANUAL,IDLE,0,97.0,81.4,1,15.55,62.20,8.00,0.57,70.78,0,71,56,90,90
505175,MANUAL,IDLE,0,97.0,80.2,1,16.79,67.18,8.84,9.95,85.97,0,86,68,90,90
506175,MANUAL,IDLE,0,97.0,80.2,1,16.76,67.04,9.68,-0.28,76.44,0,76,60,90,90
507175,MANUAL,IDLE,0,97.0,79.7,1,17.29,69.15,10.54,4.22,83.91,0,84,67,90,90
508175,MANUAL,IDLE,0,97.0,80.6,1,16.41,65.64,11.37,-7.00,70.01,0,70,56,90,90
509175,MANUAL,IDLE,0,97.0,80.8,1,16.15,64.61,12.17,-2.06,74.72,0,75,60,90,90
510175,MANUAL,IDLE,0,97.0,82.2,1,14.76,59.03,12.91,-11.16,60.78,0,61,48,90,90
511176,MANUAL,IDLE,0,97.0,82.5,1,14.50,58.02,13.64,-2.03,69.63,0,70,56,90,90
512176,MANUAL,IDLE,0,97.0,84.2,1,12.78,51.14,14.28,-13.77,51.64,0,52,41,90,90
513176,MANUAL,IDLE,0,97.0,85.4,1,11.60,46.39,14.86,-9.49,51.75,0,52,41,90,90
514176,MANUAL,IDLE,0,97.0,87.3,1,9.71,38.84,15.34,-15.09,39.09,0,39,31,90,90
515177,MANUAL,IDLE,0,97.0,88.6,1,8.45,33.79,15.76,-10.11,39.44,0,39,31,90,90
516177,MANUAL,IDLE,0,97.0,90.6,1,6.44,25.76,16.09,-16.06,25.78,0,26,20,90,90
517263,MANUAL,IDLE,0,97.0,92.0,1,4.98,19.92,16.33,-11.66,24.60,0,25,20,90,90
518174,MANUAL,IDLE,0,97.0,94.1,1,2.88,11.52,16.48,-16.81,11.19,0,11,8,90,90
519174,MANUAL,IDLE,0,97.0,95.9,1,1.10,4.42,16.53,-14.21,6.75,0,7,5,90,90
520174,MANUAL,IDLE,0,97.0,97.6,1,-0.61,-2.45,16.50,-13.74,0.31,0,0,0,90,90
521175,MANUAL,IDLE,0,97.0,99.1,1,-2.13,-8.50,20.61,-12.10,-4.21,0,0,0,90,90
522175,MANUAL,IDLE,0,97.0,100.2,1,-3.24,0.00,0.00,0.00,0.00,1,0,0,90,90
523175,MANUAL,IDLE,0,97.0,101.5,1,-4.46,0.00,0.00,0.00,0.00,1,0,0,90,90
524175,MANUAL,IDLE,0,97.0,102.2,1,-5.23,0.00,0.00,0.00,0.00,1,0,0,90,90
525176,MANUAL,IDLE,0,97.0,103.0,1,-6.02,0.00,0.00,0.00,0.00,1,0,0,90,90
526175,MANUAL,IDLE,0,97.0,103.3,1,-6.29,0.00,0.00,0.00,0.00,1,0,0,90,90
527176,MANUAL,IDLE,0,97.0,103.5,1,-6.54,0.00,0.00,0.00,0.00,1,0,0,90,90
528176,MANUAL,IDLE,0,97.0,103.6,1,-6.57,0.00,0.00,0.00,0.00,1,0,0,90,90
